Location,Name,Frequency,Duplex,Offset,Tone,rToneFreq,cToneFreq,DtcsCode,DtcsPolarity,RxDtcsCode,CrossMode,Mode,TStep,Skip,Power,Comment,URCALL,RPT1CALL,RPT2CALL,DVCODE
0,JW9SRR,145.600000,-,0.600000,Tone,91.5,91.5,023,NN,023,Tone->Tone,NFM,12.50,,5W,JW9SRR | Svalbard/Skolten | OSM mast node/13003985929 (Skolten),,,,
1,LA1HRR,144.662500,split,433.400000,Tone,77.0,77.0,023,NN,023,Tone->Tone,NFM,12.50,,5W,LA1HRR | Halden,,,,
2,LA1KRR,434.925000,-,2.000000,Tone,110.9,110.9,023,NN,023,Tone->Tone,NFM,12.50,,5W,LA1KRR | Kolsås | OSM tower node/912390742 (Kolsås Bærum),,,,
3,LA1RRR,433.987500,,0.000000,Tone,123.0,123.0,023,NN,023,Tone->Tone,NFM,12.50,,5W,LA1RRR | Heggedal,,,,
4,LA1TRR,434.875000,-,2.000000,Tone,67.0,67.0,023,NN,023,Tone->Tone,NFM,12.50,,5W,LA1TRR | Halden,,,,
5,LA1ZRR,145.237500,,0.000000,Tone,123.0,123.0,023,NN,023,Tone->Tone,NFM,12.50,,5W,LA1ZRR | Røyken,,,,
6,LA2BRR,145.637500,-,0.600000,Tone,88.5,88.5,023,NN,023,Tone->Tone,NFM,12.50,,5W,LA2BRR | Bislingen,,,,
7,LA2ERR,434.850000,-,2.000000,,88.5,88.5,023,NN,023,Tone->Tone,NFM,12.50,,5W,LA2ERR | Gardermoen portabel,,,,
8,LA2HRR,145.700000,-,0.600000,Tone,88.5,88.5,023,NN,023,Tone->Tone,NFM,12.50,,5W,LA2HRR | Geitberget | Operator position from JOSM review (was NRRL locator centre),,,,
9,LA2JRR,145.662500,-,0.600000,Tone,88.5,88.5,023,NN,023,Tone->Tone,NFM,12.50,,5W,"LA2JRR | Jetta | Jetta (LA7GRR, LA2JRR, LD2JB)",,,,
10,LA2KRR,434.650000,-,2.000000,Tone,71.9,71.9,023,NN,023,Tone->Tone,NFM,12.50,,5W,LA2KRR | Rafjellet | Rafjellet mast,,,,
11,LA2LRR,434.700000,-,2.000000,Tone,123.0,123.0,023,NN,023,Tone->Tone,NFM,12.50,,5W,LA2LRR | Mjøsa portabel | NRRL QTH is Mjøsa portabel; not a fixed site,,,,
12,LA2RRR,51.830000,-,0.600000,Tone,71.9,71.9,023,NN,023,Tone->Tone,NFM,12.50,,5W,LA2RRR | Holtberget | Holtberget,,,,
13,LA2XRR,145.712500,-,0.600000,Tone,71.9,71.9,023,NN,023,Tone->Tone,NFM,12.50,,5W,LA2XRR | Rafjellet | Rafjellet,,,,
14,LA3ARR,434.762500,-,2.000000,Tone,123.0,123.0,023,NN,023,Tone->Tone,NFM,12.50,,5W,LA3ARR | Hillestad,,,,
15,LA3BRR,145.562500,-,0.600000,Tone,74.4,74.4,023,NN,023,Tone->Tone,NFM,12.50,,5W,LA3BRR | Bronane/Drangedal | Fylkesnettet,,,,
16,LA3DRR,434.612500,-,2.000000,Tone,74.4,74.4,023,NN,023,Tone->Tone,NFM,12.50,,5W,LA3DRR | Vealøs/Skien | Vealøs mast,,,,
17,LA3ERR,144.687500,split,434.762500,,88.5,88.5,023,NN,023,Tone->Tone,NFM,12.50,,5W,LA3ERR | Stokke,,,,
18,LA3FRR,145.775000,-,0.600000,Tone,67.0,67.0,023,NN,023,Tone->Tone,NFM,12.50,,5W,LA3FRR | Halden,,,,
19,LA3GRR,145.612500,-,0.600000,Tone,74.4,74.4,023,NN,023,Tone->Tone,NFM,12.50,,5W,LA3GRR | Gaustatoppen | Fylkesnettet,,,,
20,LA3HRR,144.637500,split,433.125000,Tone,74.4,74.4,023,NN,023,Tone->Tone,NFM,12.50,,5W,LA3HRR | Geilotoppen,,,,
21,LA3JRR,434.675000,-,2.000000,Tone,74.4,74.4,023,NN,023,Tone->Tone,NFM,12.50,,5W,LA3JRR | Kvelde/Jordstøyp,,,,
22,LA3KRR,145.562500,-,0.600000,,88.5,88.5,023,NN,023,Tone->Tone,NFM,12.50,,5W,LA3KRR | Bronane/Drangedal,,,,
23,LA3KRR,434.587500,-,2.000000,,88.5,88.5,023,NN,023,Tone->Tone,NFM,12.50,,5W,LA3KRR | Vealøs/Skien,,,,
24,LA3NRR,145.050000,split,433.087500,Tone,74.4,74.4,023,NN,023,Tone->Tone,NFM,12.50,,5W,LA3NRR | Notodden,,,,
25,LA3RRR,145.687500,-,0.600000,Tone,123.0,123.0,023,NN,023,Tone->Tone,NFM,12.50,,5W,LA3RRR | Vestre Buttentjern,,,,
26,LA3SRR,145.275000,-,0.600000,Tone,74.4,74.4,023,NN,023,Tone->Tone,NFM,12.50,,5W,LA3SRR | Korpås/Brunlanes | Fylkesnettet,,,,
27,LA3VRR,434.612500,-,2.000000,Tone,74.4,74.4,023,NN,023,Tone->Tone,NFM,12.50,,5W,LA3VRR | Vealøs/Skien,,,,
28,LA3XRR,145.225000,-,0.600000,Tone,74.4,74.4,023,NN,023,Tone->Tone,NFM,12.50,,5W,LA3XRR | Hvittingen/Sande | Fylkesnettet,,,,
29,LA4ARR,434.937500,-,2.000000,Tone,123.0,123.0,023,NN,023,Tone->Tone,NFM,12.50,,5W,LA4ARR | Hestheia/Greipstad | Agder net member,,,,
30,LA4BRR,434.900000,-,2.000000,Tone,123.0,123.0,023,NN,023,Tone->Tone,NFM,12.50,,5W,LA4BRR | Bru,,,,
31,LA4CRR,144.650000,split,434.825000,Tone,77.0,77.0,023,NN,023,Tone->Tone,NFM,12.50,,5W,LA4CRR | Mandal/Djubedalsheia,,,,
32,LA4ERR,434.875000,-,2.000000,Tone,123.0,123.0,023,NN,023,Tone->Tone,NFM,12.50,,5W,LA4ERR | Egerøy | Sandnes net member,,,,
33,LA4FRR,145.725000,-,0.600000,Tone,123.0,123.0,023,NN,023,Tone->Tone,NFM,12.50,,5W,LA4FRR | Fjæreheia/Grimstad,,,,
34,LA4KRR,434.825000,-,2.000000,Tone,123.0,123.0,023,NN,023,Tone->Tone,NFM,12.50,,5W,LA4KRR | Kvinesheia,,,,
35,LA4LRR,145.637500,-,0.600000,Tone,123.0,123.0,023,NN,023,Tone->Tone,NFM,12.50,,5W,LA4LRR | Stavanger/Lifjell,,,,
36,LA4MRR,434.900000,-,2.000000,,88.5,88.5,023,NN,023,Tone->Tone,NFM,12.50,,5W,LA4MRR | Varmestø,,,,
37,LA4ORR,145.612500,-,0.600000,Tone,123.0,123.0,023,NN,023,Tone->Tone,NFM,12.50,,5W,LA4ORR | Odderøya | Agder net member,,,,
38,LA4RRR,145.012500,+,0.600000,Tone,74.4,74.4,023,NN,023,Tone->Tone,NFM,12.50,,5W,LA4RRR | Reinsnuten,,,,
39,LA4SRR,145.712500,-,0.600000,Tone,79.7,79.7,023,NN,023,Tone->Tone,NFM,12.50,,5W,LA4SRR | Bjerkreim | Sandnes net member,,,,
40,LA4URR,434.875000,-,2.000000,,88.5,88.5,023,NN,023,Tone->Tone,NFM,12.50,,5W,LA4URR | Aasvik,,,,
41,LA4WRR,434.850000,-,2.000000,Tone,123.0,123.0,023,NN,023,Tone->Tone,NFM,12.50,,5W,LA4WRR | Bogafjell | Sandnes net member,,,,
42,LA5AR,145.700000,-,0.600000,Tone,123.0,123.0,023,NN,023,Tone->Tone,NFM,12.50,,5W,LA5AR | Vaktårnheia/Arendal | Agder net member,,,,
43,LA5ARR,434.775000,-,2.000000,Tone,71.9,71.9,023,NN,023,Tone->Tone,NFM,12.50,,5W,LA5ARR | Tverrberget | Tverrberget,,,,
44,LA5BR,145.750000,-,0.600000,Tone,97.4,97.4,023,NN,023,Tone->Tone,NFM,12.50,,5W,LA5BR | Rundemannen,,,,
45,LA5CR,434.675000,-,2.000000,Tone,107.2,107.2,023,NN,023,Tone->Tone,NFM,12.50,,5W,LA5CR | Egersund/Gaupelemfjell,,,,
46,LA5CRR,144.650000,split,433.050000,,88.5,88.5,023,NN,023,Tone->Tone,NFM,12.50,,5W,LA5CRR | Østre Nattlansfjell | Bergen-voss member,,,,
47,LA5DR,145.725000,-,0.600000,Tone,74.4,74.4,023,NN,023,Tone->Tone,NFM,12.50,,5W,LA5DR | Nordbykollen,,,,
48,LA5ER,145.712500,-,0.600000,Tone,74.4,74.4,023,NN,023,Tone->Tone,NFM,12.50,,5W,LA5ER | Eirefjell/Tokke | Fylkesnettet,,,,
49,LA5FR,145.787500,-,0.600000,Tone,123.0,123.0,023,NN,023,Tone->Tone,NFM,12.50,,5W,LA5FR | Svartåsen/Enebakk,,,,
50,LA5GR,145.650000,-,0.600000,Tone,74.4,74.4,023,NN,023,Tone->Tone,NFM,12.50,,5W,LA5GR | Vealøs/Skien | Fylkesnettet member,,,,
51,LA5HR,145.625000,-,0.600000,Tone,74.4,74.4,023,NN,023,Tone->Tone,NFM,12.50,,5W,LA5HR | Skottås/Horten,,,,
52,LA5HRR,145.650000,-,0.600000,Tone,88.5,88.5,023,NN,023,Tone->Tone,NFM,12.50,,5W,LA5HRR | Storhorta | Storhorta / Horta,,,,
53,LA5IR,145.700000,-,0.600000,Tone,82.5,82.5,023,NN,023,Tone->Tone,NFM,12.50,,5W,LA5IR | Førde/Hafstadfjell,,,,
54,LA5JR,434.625000,-,2.000000,Tone,123.0,123.0,023,NN,023,Tone->Tone,NFM,12.50,,5W,LA5JR | Haus Sachsen,,,,
55,LA5JRR,145.787500,-,0.600000,Tone,88.5,88.5,023,NN,023,Tone->Tone,NFM,12.50,,5W,LA5JRR | Juvbreen | Operator position from JOSM review (was NRRL locator centre),,,,
56,LA5KR,145.650000,-,0.600000,Tone,71.9,71.9,023,NN,023,Tone->Tone,NFM,12.50,,5W,LA5KR | Holtberget | Holtberget,,,,
57,LA5LRR,145.125000,+,0.600000,Tone,123.0,123.0,023,NN,023,Tone->Tone,NFM,12.50,,5W,"LA5LRR | Rong, Øygarden | Bergen-voss member",,,,
58,LA5MR,145.625000,-,0.600000,Tone,88.5,88.5,023,NN,023,Tone->Tone,NFM,12.50,,5W,LA5MR | Høykorset | Høykorset / Totenåsen,,,,
59,LA5NR,145.775000,-,0.600000,,88.5,88.5,023,NN,023,Tone->Tone,NFM,12.50,,5W,LA5NR | Ofoten/Veggen,,,,
60,LA5OR,145.600000,-,0.600000,Tone,123.0,123.0,023,NN,023,Tone->Tone,NFM,12.50,,5W,LA5OR | Tryvasshøgda,,,,
61,LA5PR,145.600000,-,0.600000,,88.5,88.5,023,NN,023,Tone->Tone,NFM,12.50,,5W,LA5PR | Høyanger,,,,
62,LA5QR,145.625000,-,0.600000,Tone,123.0,123.0,023,NN,023,Tone->Tone,NFM,12.50,,5W,LA5QR | Sunndalsøra,,,,
63,LA5RR,145.675000,-,0.600000,Tone,123.0,123.0,023,NN,023,Tone->Tone,NFM,12.50,,5W,LA5RR | Toåsen,,,,
64,LA5RRR,434.600000,-,2.000000,Tone,91.5,91.5,023,NN,023,Tone->Tone,NFM,12.50,,5W,LA5RRR | Røldal,,,,
65,LA5SR,145.750000,-,0.600000,Tone,74.4,74.4,023,NN,023,Tone->Tone,NFM,12.50,,5W,LA5SR | Mokollen,,,,
66,LA5TR,145.675000,-,0.600000,,88.5,88.5,023,NN,023,Tone->Tone,NFM,12.50,,5W,LA5TR | Forbordfjell,,,,
67,LA5TRR,145.725000,-,0.600000,Tone,88.5,88.5,023,NN,023,Tone->Tone,NFM,12.50,,5W,LA5TRR | Trysilfjellet | Trysilfjellet,,,,
68,LA5VR,145.625000,-,0.600000,Tone,123.0,123.0,023,NN,023,Tone->Tone,NFM,12.50,,5W,LA5VR | Kattnakken,,,,
69,LA5VRR,432.800000,+,2.000000,,88.5,88.5,023,NN,023,Tone->Tone,NFM,12.50,,5W,LA5VRR | Verjesteinsnuten,,,,
70,LA5WR,434.750000,-,2.000000,Tone,123.0,123.0,023,NN,023,Tone->Tone,NFM,12.50,,5W,LA5WR | Narvik/Ankenes | Narvik hovedsender,,,,
71,LA5WRR,145.575000,-,0.600000,,88.5,88.5,023,NN,023,Tone->Tone,NFM,12.50,,5W,LA5WRR | Verjesteinsnuten,,,,
72,LA5XR,434.725000,-,2.000000,,88.5,88.5,023,NN,023,Tone->Tone,NFM,12.50,,5W,LA5XR | Gråkallen,,,,
73,LA5YR,434.900000,-,2.000000,,88.5,88.5,023,NN,023,Tone->Tone,NFM,12.50,,5W,LA5YR | Svartåsen/Enebakk | OSM mast node/5574482764,,,,
74,LA6AR,145.725000,-,0.600000,Tone,88.5,88.5,023,NN,023,Tone->Tone,NFM,12.50,,5W,LA6AR | Høgåsen/Sandnessjøen,,,,
75,LA6ARR,145.600000,-,0.600000,Tone,91.5,91.5,023,NN,023,Tone->Tone,NFM,12.50,,5W,LA6ARR | Algasvarre / Tana,,,,
76,LA6BR,145.750000,-,0.600000,,88.5,88.5,023,NN,023,Tone->Tone,NFM,12.50,,5W,LA6BR | Rønvikfjell,,,,
77,LA6CR,434.625000,-,2.000000,,88.5,88.5,023,NN,023,Tone->Tone,NFM,12.50,,5W,LA6CR | Knarvik,,,,
78,LA6DR,434.650000,-,2.000000,Tone,91.5,91.5,023,NN,023,Tone->Tone,NFM,12.50,,5W,LA6DR | Ravnafjell,,,,
79,LA6ER,145.725000,-,0.600000,Tone,107.2,107.2,023,NN,023,Tone->Tone,NFM,12.50,,5W,LA6ER | Egersund/Gaupelemfjell,,,,
80,LA6ERR,145.400000,,0.000000,,88.5,88.5,023,NN,023,Tone->Tone,NFM,12.50,,5W,LA6ERR | Nordlandet,,,,
81,LA6FR,145.625000,-,0.600000,Tone,77.0,77.0,023,NN,023,Tone->Tone,NFM,12.50,,5W,LA6FR | Storestø,,,,
82,LA6GR,434.750000,-,2.000000,Tone,71.9,71.9,023,NN,023,Tone->Tone,NFM,12.50,,5W,LA6GR | Torseterkampen | Torseterkampen,,,,
83,LA6HR,434.650000,-,2.000000,Tone,74.4,74.4,023,NN,023,Tone->Tone,NFM,12.50,,5W,LA6HR | Hvittingen/Holmestrand | Fylkesnettet member,,,,
84,LA6JR,145.600000,-,0.600000,Tone,123.0,123.0,023,NN,023,Tone->Tone,NFM,12.50,,5W,LA6JR | Hovassfjell | Agder net member,,,,
85,LA6KR,145.750000,-,0.600000,Tone,123.0,123.0,023,NN,023,Tone->Tone,NFM,12.50,,5W,LA6KR | Hestheia/Greipstad | Agder net member,,,,
86,LA6LR,144.650000,split,433.025000,Tone,88.5,88.5,023,NN,023,Tone->Tone,NFM,12.50,,5W,LA6LR | Korpås,,,,
87,LA6MR,145.650000,-,0.600000,,88.5,88.5,023,NN,023,Tone->Tone,NFM,12.50,,5W,LA6MR | Valderøyfjellet,,,,
88,LA6MRR,434.650000,-,2.000000,Tone,82.5,82.5,023,NN,023,Tone->Tone,NFM,12.50,,5W,LA6MRR | Humla,,,,
89,LA6NR,145.775000,-,0.600000,Tone,88.5,88.5,023,NN,023,Tone->Tone,NFM,12.50,,5W,LA6NR | Syningen,,,,
90,LA6PRR,433.050000,,0.000000,,88.5,88.5,023,NN,023,Tone->Tone,NFM,12.50,,5W,LA6PRR | Rensvik,,,,
91,LA6RR,434.600000,-,2.000000,Tone,88.5,88.5,023,NN,023,Tone->Tone,NFM,12.50,,5W,LA6RR | Rennesøyhornet,,,,
92,LA6SR,145.775000,-,0.600000,Tone,123.0,123.0,023,NN,023,Tone->Tone,NFM,12.50,,5W,LA6SR | Heiberg | Agder net member,,,,
93,LA6SRR,434.625000,-,2.000000,Tone,82.5,82.5,023,NN,023,Tone->Tone,NFM,12.50,,5W,LA6SRR | Sagtennene,,,,
94,LA6TR,145.750000,-,0.600000,Tone,123.0,123.0,023,NN,023,Tone->Tone,NFM,12.50,,5W,LA6TR | Kvitbergfjellet,,,,
95,LA6UR,145.650000,-,0.600000,,88.5,88.5,023,NN,023,Tone->Tone,NFM,12.50,,5W,LA6UR | Gjeltheia,,,,
96,LA6VR,145.750000,-,0.600000,,88.5,88.5,023,NN,023,Tone->Tone,NFM,12.50,,5W,LA6VR | Verigasfjellet,,,,
97,LA6WR,145.725000,-,0.600000,Tone,123.0,123.0,023,NN,023,Tone->Tone,NFM,12.50,,5W,LA6WR | Lønahorgi | Bergen-voss member,,,,
98,LA6XR,145.600000,-,0.600000,Tone,123.0,123.0,023,NN,023,Tone->Tone,NFM,12.50,,5W,LA6XR | Reinsfjell,,,,
99,LA6YR,434.850000,-,2.000000,Tone,74.4,74.4,023,NN,023,Tone->Tone,NFM,12.50,,5W,LA6YR | Storkollen/Kragerø,,,,
100,LA6YRR,434.600000,-,2.000000,,88.5,88.5,023,NN,023,Tone->Tone,NFM,12.50,,5W,LA6YRR | Reinsfjell,,,,
101,LA6ZR,145.750000,-,0.600000,Tone,91.5,91.5,023,NN,023,Tone->Tone,NFM,12.50,,5W,LA6ZR | Spåtind | Operator position from JOSM review (was NRRL locator centre),,,,
102,LA7AR,145.675000,-,0.600000,,88.5,88.5,023,NN,023,Tone->Tone,NFM,12.50,,5W,LA7AR | Endletenfjell,,,,
103,LA7CR,434.700000,-,2.000000,,88.5,88.5,023,NN,023,Tone->Tone,NFM,12.50,,5W,LA7CR | Norefjell | Norefjell,,,,
104,LA7ER,145.650000,-,0.600000,,88.5,88.5,023,NN,023,Tone->Tone,NFM,12.50,,5W,LA7ER | Sjåvassknuten,,,,
105,LA7FR,434.700000,-,2.000000,,88.5,88.5,023,NN,023,Tone->Tone,NFM,12.50,,5W,LA7FR | Barbertoppen,,,,
106,LA7GR,145.725000,-,0.600000,Tone,71.9,71.9,023,NN,023,Tone->Tone,NFM,12.50,,5W,LA7GR | Gålå | Gålå-tårnet,,,,
107,LA7GRR,434.800000,-,2.000000,Tone,123.0,123.0,023,NN,023,Tone->Tone,NFM,12.50,,5W,"LA7GRR | Jetta | Jetta (LA7GRR, LA2JRR, LD2JB)",,,,
108,LA7HR,145.650000,-,0.600000,Tone,123.0,123.0,023,NN,023,Tone->Tone,NFM,12.50,,5W,LA7HR | Sandsøy,,,,
109,LA7JR,145.575000,-,0.600000,Tone,123.0,123.0,023,NN,023,Tone->Tone,NFM,12.50,,5W,LA7JR | Verdal/Marsteinsvola,,,,
110,LA7KRR,434.625000,-,2.000000,,88.5,88.5,023,NN,023,Tone->Tone,NFM,12.50,,5W,LA7KRR | Kyrksæterøra,,,,
111,LA7LR,434.925000,-,2.000000,Tone,74.4,74.4,023,NN,023,Tone->Tone,NFM,12.50,,5W,LA7LR | Lifjell/Bø,,,,
112,LA7LRR,145.175000,+,0.600000,Tone,85.4,85.4,023,NN,023,Tone->Tone,NFM,12.50,,5W,LA7LRR | Gråkallen,,,,
113,LA7MR,145.675000,-,0.600000,Tone,88.5,88.5,023,NN,023,Tone->Tone,NFM,12.50,,5W,LA7MR | Veten,,,,
114,LA7NR,145.775000,-,0.600000,Tone,85.4,85.4,023,NN,023,Tone->Tone,NFM,12.50,,5W,LA7NR | Vattafjell,,,,
115,LA7OR,434.775000,-,2.000000,Tone,123.0,123.0,023,NN,023,Tone->Tone,NFM,12.50,,5W,LA7OR | Brannfjell,,,,
116,LA7ORR,145.775000,-,0.600000,Tone,85.4,85.4,023,NN,023,Tone->Tone,NFM,12.50,,5W,LA7ORR | Oppdal,,,,
117,LA7PR,145.662500,-,0.600000,,88.5,88.5,023,NN,023,Tone->Tone,NFM,12.50,,5W,LA7PR | Grimstadtoppen,,,,
118,LA7RR,145.700000,-,0.600000,,88.5,88.5,023,NN,023,Tone->Tone,NFM,12.50,,5W,LA7RR | Gråkallen,,,,
119,LA7SR,434.800000,-,2.000000,Tone,74.4,74.4,023,NN,023,Tone->Tone,NFM,12.50,,5W,LA7SR | Sandefjord/Kjerringberget,,,,
120,LA7TR,434.675000,-,2.000000,,88.5,88.5,023,NN,023,Tone->Tone,NFM,12.50,,5W,LA7TR | Forbordfjell,,,,
121,LA7UR,434.675000,-,2.000000,Tone,71.9,71.9,023,NN,023,Tone->Tone,NFM,12.50,,5W,LA7UR | Valebykampen,,,,
122,LA7VR,145.600000,-,0.600000,,88.5,88.5,023,NN,023,Tone->Tone,NFM,12.50,,5W,LA7VR | Hadseløya,,,,
123,LA7XR,144.662500,split,433.050000,Tone,77.0,77.0,023,NN,023,Tone->Tone,NFM,12.50,,5W,LA7XR | Kroksjø | Operator position,,,,
124,LA7YR,145.700000,-,0.600000,Tone,91.5,91.5,023,NN,023,Tone->Tone,NFM,12.50,,5W,LA7YR | Kvanfjellet,,,,
125,LA8BR,145.625000,-,0.600000,Tone,123.0,123.0,023,NN,023,Tone->Tone,NFM,12.50,,5W,LA8BR | Klettkoven,,,,
126,LA8CR,145.762500,-,0.600000,,88.5,88.5,023,NN,023,Tone->Tone,NFM,12.50,,5W,LA8CR | Bjønnåsen,,,,
127,LA8CRR,434.850000,-,2.000000,Tone,88.5,88.5,023,NN,023,Tone->Tone,NFM,12.50,,5W,LA8CRR | Narvik/Solhaugen,,,,
128,LA8DR,145.675000,-,0.600000,,88.5,88.5,023,NN,023,Tone->Tone,NFM,12.50,,5W,LA8DR | Laland | Operator position 58,,,,
129,LA8ER,434.875000,-,2.000000,Tone,123.0,123.0,023,NN,023,Tone->Tone,NFM,12.50,,5W,LA8ER | Mistberget | Mistberget,,,,
130,LA8FR,145.625000,-,0.600000,,88.5,88.5,023,NN,023,Tone->Tone,NFM,12.50,,5W,LA8FR | Olsøyheia,,,,
131,LA8GR,145.775000,-,0.600000,Tone,97.4,97.4,023,NN,023,Tone->Tone,NFM,12.50,,5W,LA8GR | Bråtsviksåta,,,,
132,LA8HR,145.650000,-,0.600000,Tone,74.4,74.4,023,NN,023,Tone->Tone,NFM,12.50,,5W,LA8HR | Geilo,,,,
133,LA8HRR,433.950000,,0.000000,Tone,88.5,88.5,023,NN,023,Tone->Tone,NFM,12.50,,5W,LA8HRR | Nessna,,,,
134,LA8JR,434.600000,,0.000000,,88.5,88.5,023,NN,023,Tone->Tone,NFM,12.50,,5W,LA8JR | Verdal/Marsteinsvola,,,,
135,LA8KR,145.700000,-,0.600000,Tone,74.4,74.4,023,NN,023,Tone->Tone,NFM,12.50,,5W,LA8KR | Jonsknuten,,,,
136,LA8LR,145.650000,-,0.600000,,88.5,88.5,023,NN,023,Tone->Tone,NFM,12.50,,5W,LA8LR | Kringsjå,,,,
137,LA8MR,145.775000,-,0.600000,Tone,123.0,123.0,023,NN,023,Tone->Tone,NFM,12.50,,5W,LA8MR | Molde/Tusten,,,,
138,LA8MRR,145.775000,-,0.600000,Tone,123.0,123.0,023,NN,023,Tone->Tone,NFM,12.50,,5W,LA8MRR | Mo i Rana,,,,
139,LA8NR,145.775000,-,0.600000,,88.5,88.5,023,NN,023,Tone->Tone,NFM,12.50,,5W,LA8NR | Honningsvågfjell,,,,
140,LA8NRR,145.625000,-,0.600000,,88.5,88.5,023,NN,023,Tone->Tone,NFM,12.50,,5W,LA8NRR | Narvik/Solhaugen,,,,
141,LA8OR,434.600000,-,2.000000,Tone,123.0,123.0,023,NN,023,Tone->Tone,NFM,12.50,,5W,LA8OR | Bislingen,,,,
142,LA8ORR,144.650000,split,433.025000,Tone,88.5,88.5,023,NN,023,Tone->Tone,NFM,12.50,,5W,LA8ORR | Bogen,,,,
143,LA8PR,434.900000,-,2.000000,Tone,85.4,85.4,023,NN,023,Tone->Tone,NFM,12.50,,5W,LA8PR | Trondheim portabel,,,,
144,LA8PRR,145.687500,-,0.600000,,88.5,88.5,023,NN,023,Tone->Tone,NFM,12.50,,5W,LA8PRR | Narvik/Gratangen,,,,
145,LA8QR,145.712500,-,0.600000,Tone,85.4,85.4,023,NN,023,Tone->Tone,NFM,12.50,,5W,LA8QR | Bringen,,,,
146,LA8QRR,145.737500,-,0.600000,,88.5,88.5,023,NN,023,Tone->Tone,NFM,12.50,,5W,LA8QRR | Hundholmen,,,,
147,LA8RR,434.825000,-,2.000000,Tone,123.0,123.0,023,NN,023,Tone->Tone,NFM,12.50,,5W,LA8RR | Bjønnåsen,,,,
148,LA8SR,145.775000,-,0.600000,Tone,88.5,88.5,023,NN,023,Tone->Tone,NFM,12.50,,5W,LA8SR | Bokn,,,,
149,LA8SRR,145.762500,-,0.600000,,88.5,88.5,023,NN,023,Tone->Tone,NFM,12.50,,5W,LA8SRR | Bjørnfjell,,,,
150,LA8TR,145.750000,-,0.600000,Tone,85.4,85.4,023,NN,023,Tone->Tone,NFM,12.50,,5W,LA8TR | Ruten,,,,
151,LA8UR,434.775000,-,2.000000,,88.5,88.5,023,NN,023,Tone->Tone,NFM,12.50,,5W,LA8UR | Kopparen,,,,
152,LA8VRR,144.650000,split,433.025000,,88.5,88.5,023,NN,023,Tone->Tone,NFM,12.50,,5W,LA8VRR | Storfjell,,,,
153,LA8XR,145.737500,-,0.600000,Tone,91.5,91.5,023,NN,023,Tone->Tone,NFM,12.50,,5W,LA8XR | Reinsnuten,,,,
154,LA8XRR,145.225000,split,433.150000,,88.5,88.5,023,NN,023,Tone->Tone,NFM,12.50,,5W,LA8XRR | Bodøgruppen,,,,
155,LA8YR,432.800000,+,2.000000,,88.5,88.5,023,NN,023,Tone->Tone,NFM,12.50,,5W,LA8YR | Reinsnuten,,,,
156,LA9AR,145.600000,-,0.600000,Tone,88.5,88.5,023,NN,023,Tone->Tone,NFM,12.50,,5W,LA9AR | Tronfjell | Tron hovedsender,,,,
157,LA9ARR,145.600000,-,0.600000,,88.5,88.5,023,NN,023,Tone->Tone,NFM,12.50,,5W,LA9ARR | Algasvarre / Tana,,,,
158,LA9BR,145.675000,-,0.600000,Tone,123.0,123.0,023,NN,023,Tone->Tone,NFM,12.50,,5W,LA9BR | Bremanger/Steinfjellet,,,,
159,LA9BRR,145.712500,-,0.600000,,88.5,88.5,023,NN,023,Tone->Tone,NFM,12.50,,5W,LA9BRR | Bufjellet,,,,
160,LA9CR,145.625000,-,0.600000,Tone,82.5,82.5,023,NN,023,Tone->Tone,NFM,12.50,,5W,LA9CR | Storåsen,,,,
161,LA9DR,434.725000,-,2.000000,Tone,74.4,74.4,023,NN,023,Tone->Tone,NFM,12.50,,5W,LA9DR | Nordbykollen,,,,
162,LA9ER,145.737500,-,0.600000,,88.5,88.5,023,NN,023,Tone->Tone,NFM,12.50,,5W,LA9ER | Mistberget,,,,
163,LA9ERR,145.250000,split,433.200000,Tone,88.5,88.5,023,NN,023,Tone->Tone,NFM,12.50,,5W,LA9ERR | Evenskjer,,,,
164,LA9FR,145.775000,-,0.600000,Tone,88.5,88.5,023,NN,023,Tone->Tone,NFM,12.50,,5W,LA9FR | Tuva,,,,
165,LA9FRR,145.612500,-,0.600000,Tone,123.0,123.0,023,NN,023,Tone->Tone,NFM,12.50,,5W,LA9FRR | Andsfjellet | FM repeater on Andsfjell (Midt-Troms),,,,
166,LA9GR,434.625000,-,2.000000,Tone,88.5,88.5,023,NN,023,Tone->Tone,NFM,12.50,,5W,LA9GR | Veten,,,,
167,LA9HR,145.700000,-,0.600000,Tone,123.0,123.0,023,NN,023,Tone->Tone,NFM,12.50,,5W,LA9HR | Samaåsen,,,,
168,LA9HRR,434.800000,-,2.000000,Tone,91.5,91.5,023,NN,023,Tone->Tone,NFM,12.50,,5W,LA9HRR | Algas,,,,
169,LA9IR,432.800000,+,2.000000,,88.5,88.5,023,NN,023,Tone->Tone,NFM,12.50,,5W,LA9IR | Inste Tinden,,,,
170,LA9JR,145.050000,split,144.675000,Tone,74.4,74.4,023,NN,023,Tone->Tone,NFM,12.50,,5W,LA9JR | Jønnbuflåtin/Bø,,,,
171,LA9KRR,434.737500,-,2.000000,,88.5,88.5,023,NN,023,Tone->Tone,NFM,12.50,,5W,LA9KRR | Krøttøya,,,,
172,LA9LR,145.700000,-,0.600000,Tone,91.5,91.5,023,NN,023,Tone->Tone,NFM,12.50,,5W,LA9LR | Ravnafjell | OSM mast node/5582173868,,,,
173,LA9LRR,434.750000,-,2.000000,Tone,91.5,91.5,023,NN,023,Tone->Tone,NFM,12.50,,5W,LA9LRR | Falsnes/Storfjord,,,,
174,LA9MR,145.675000,-,0.600000,,88.5,88.5,023,NN,023,Tone->Tone,NFM,12.50,,5W,LA9MR | Varmestø,,,,
175,LA9MRR,145.787500,-,0.600000,,88.5,88.5,023,NN,023,Tone->Tone,NFM,12.50,,5W,LA9MRR | Medkilheia,,,,
176,LA9NR,434.950000,-,2.000000,Tone,74.4,74.4,023,NN,023,Tone->Tone,NFM,12.50,,5W,LA9NR | Frodeåsen,,,,
177,LA9QR,434.725000,-,2.000000,Tone,123.0,123.0,023,NN,023,Tone->Tone,NFM,12.50,,5W,LA9QR | Kjølen/Kvaløya | Kjølen / Kvaløya,,,,
178,LA9RR,145.600000,-,0.600000,,88.5,88.5,023,NN,023,Tone->Tone,NFM,12.50,,5W,LA9RR | Ombo,,,,
179,LA9SR,145.725000,-,0.600000,Tone,82.5,82.5,023,NN,023,Tone->Tone,NFM,12.50,,5W,LA9SR | Gurskøy,,,,
180,LA9TR,145.625000,-,0.600000,Tone,123.0,123.0,023,NN,023,Tone->Tone,NFM,12.50,,5W,LA9TR | Trolltind/Arnøya,,,,
181,LA9UR,145.787500,-,0.600000,,88.5,88.5,023,NN,023,Tone->Tone,NFM,12.50,,5W,LA9UR | Ruasetfjellet,,,,
182,LA9WR,145.600000,-,0.600000,Tone,123.0,123.0,023,NN,023,Tone->Tone,NFM,12.50,,5W,LA9WR | Geitfjellet,,,,
183,LA9XRR,434.975000,-,2.000000,Tone,123.0,123.0,023,NN,023,Tone->Tone,NFM,12.50,,5W,LA9XRR | Heggedal,,,,
184,LA9YR,434.800000,-,2.000000,Tone,91.5,91.5,023,NN,023,Tone->Tone,NFM,12.50,,5W,LA9YR | Reinsnuten,,,,
185,LA9ZR,145.725000,-,0.600000,Tone,123.0,123.0,023,NN,023,Tone->Tone,NFM,12.50,,5W,LA9ZR | Andsfjellet | RV58 VHF FM on Andsfjell,,,,
186,LA9ZRR,434.600000,-,2.000000,,88.5,88.5,023,NN,023,Tone->Tone,NFM,12.50,,5W,LA9ZRR | Midt-Troms portabel,,,,
187,LD1FR,145.687500,-,0.600000,,88.5,88.5,023,NN,023,Tone->Tone,NFM,12.50,,5W,LD1FR | Barbertoppen,,,,
188,LD2KR,434.562500,-,2.000000,Tone,71.9,71.9,023,NN,023,Tone->Tone,NFM,12.50,,5W,LD2KR | Rafjellet | Rafjellet,,,,
189,LD3NM,145.587500,-,0.600000,Tone,123.0,123.0,023,NN,023,Tone->Tone,NFM,12.50,,5W,LD3NM | Norefjellstua,,,,
190,LD3RI,434.812500,-,2.000000,Tone,74.4,74.4,023,NN,023,Tone->Tone,NFM,12.50,,5W,LD3RI | Småstein/Skogstad,,,,
191,LD6FF,434.875000,-,2.000000,Tone,123.0,123.0,023,NN,023,Tone->Tone,NFM,12.50,,5W,LD6FF | Storåsen | OSM tower node/3655921327 (Storåsen),,,,
192,LD8MR,434.850000,-,2.000000,,88.5,88.5,023,NN,023,Tone->Tone,NFM,12.50,,5W,LD8MR | Mo i Rana/Toraneset,,,,
193,LD8NN,433.275000,,0.000000,,88.5,88.5,023,NN,023,Tone->Tone,NFM,12.50,,5W,LD8NN | Nesna/Kvassnes,,,,
